source,fetched_at,version,_collection,data.make,data.model,data.year,data.recalls,data.file_name,data.document_type,data.source,data.extraction_timestamp,data.extraction_library,data.scraped_at,data.type,data.title,data.description,data.price,data.link,data.page,data.original_path,data.resized_path,data.thumbnail_path,data.webp_path,data.format,data.mode,data.width,data.height,data.file_size_kb,data.exif.file_name,data.exif.camera_make,data.exif.camera_model,data.exif.date_taken,data.exif.exposure_time,data.exif.aperture,data.exif.iso,data.exif.focal_length,data.exif.orientation,data.exif.gps,data.exif.extracted_at,data.processed_at,release_year
test,2026-03-23 22:57:44.926,1.0,raw_recalls,Audi,A4,2020.0,[],,,,,,,unknown,,unknown,,,2.0,,,,,,,960.0,500.0,131.99,,,,,,,,,,,,,2026
nhtsa_api,2026-03-23 23:02:08.429,1.0,raw_recalls,Skoda,OCTAVIA,2020.0,[],,,,,,,unknown,,unknown,,,2.0,,,,,,,960.0,500.0,131.99,,,,,,,,,,,,,2026
pdf_extraction,2026-03-29 20:52:52.608,1.0,raw_recalls,Unknown,UNKNOWN,2020.0,,automotive_report_twocolumn.pdf,pdf,/Users/elmedin.karisiksystemverification.com/Documents/private/Automotive-Industry-Tracker/data/raw/pdf/automotive_report_twocolumn.pdf,2026-03-29T20:52:52.584871,pdfplumber,,unknown,,unknown,,,2.0,,,,,,,960.0,500.0,131.99,,,,,,,,,,,,,2026
word_extraction,2026-03-29 21:02:26.591,1.0,raw_recalls,Unknown,UNKNOWN,2020.0,,automotive_report.docx,word,/Users/elmedin.karisiksystemverification.com/Documents/private/Automotive-Industry-Tracker/data/raw/word/automotive_report.docx,2026-03-29T21:02:26.387917,python-docx,,unknown,,unknown,,,2.0,,,,,,,960.0,500.0,131.99,,,,,,,,,,,,,2026
excel_extraction,2026-03-29 21:05:48.985,1.0,raw_recalls,Unknown,UNKNOWN,2020.0,,automotive_data.xlsx,excel,/Users/elmedin.karisiksystemverification.com/Documents/private/Automotive-Industry-Tracker/data/raw/excel/automotive_data.xlsx,2026-03-29T21:05:48.948323,openpyxl,,unknown,,unknown,,,2.0,,,,,,,960.0,500.0,131.99,,,,,,,,,,,,,2026
dynamic_scraping,2026-04-02 16:24:55.801,1.0,raw_recalls,Audi,A4,2020.0,"[{'Manufacturer': 'Volkswagen Group of America, Inc.', 'NHTSACampaignNumber': '22V034000', 'parkIt': False, 'parkOutSide': False, 'overTheAirUpdate': False, 'ReportReceivedDate': '26/01/2022', 'Component': 'TIRES', 'Summary': 'Volkswagen Group of America, Inc. (Audi) is recalling certain 2019-2021 Audi A5 Sportback, RS5 Coupe, RS5 Sportback, S5 Sportback, 2020-2021 A4 Allroad, A4 Sedan, A5 Cabriolet, A5 Coupe, A6 Allroad, A6 Sedan, A7, A8, Q5, S4 Sedan, S5 Coupe, S5 Cabriolet, S6 Sedan, S7, S8, SQ5, 2021 Q5 Sportback, Q7, Q8, RS6 Avant, RS7, RSQ8, SQ5 Sportback, SQ7, and SQ8 vehicles.  The rear axle alignment may not have been inspected after the repairs for Recall 21V-295 (42L1) were performed.', 'Consequence': 'Rear axle misalignment may cause premature or uneven tire wear, increasing the risk of a crash.', 'Remedy': ""Dealers will inspect the rear axle, adjust the alignment as necessary, and replace any prematurely or unevenly worn tires, free of charge.  Owner notification letters were mailed March 3, 2022.  Owners may contact Audi customer service at 1-800-253-2834.  Audi's number for this recall is 42L5."", 'Notes': 'Owners may also contact the National Highway Traffic Safety Administration Vehicle Safety Hotline at 1-888-327-4236 (TTY 1-800-424-9153), or go to www.nhtsa.gov.', 'ModelYear': '2020', 'Make': 'AUDI', 'Model': 'A4'}, {'Manufacturer': 'Volkswagen Group of America, Inc.', 'NHTSACampaignNumber': '21V295000', 'parkIt': False, 'parkOutSide': False, 'overTheAirUpdate': False, 'ReportReceivedDate': '26/04/2021', 'Component': 'SUSPENSION:REAR:AXLE:NON-POWERED AXLE ASSEMBLY', 'Summary': 'Volkswagen Group of America, Inc. (Audi) is recalling certain 2021 Q7, Q8, Q5 Sportback, SQ5 Sportback, RS6 Avant, RS7, RS Q8, 2020-2021 Audi S6 sedan, Q5, A8, S8, A7, A6 Allroad, A5 Cabriolet, A4 sedan, A4 Allroad, SQ5, S7, A6 sedan, S5 coupe, S4 sedan, S5 Cabriolet, A5 coupe, 2019-2021 RS5 coupe, A5 Sportback, S5 Sportback, RS5 Sportback vehicles.  The lock nut on the trailing arm of the rear axle may break due to stress corrosion.', 'Consequence': 'A broken lock nut may misalign the rear axle, causing a loss of control and increasing the risk of a crash.', 'Remedy': ""Dealers will replace the lock nuts and, if necessary, the associated bolts, free of charge.  Owner notification letters were mailed June 4, 2021.  Owners may contact Audi customer service at 1-800-253-2834.  Audi's number for this recall is 42L1."", 'Notes': 'Owners may also contact the National Highway Traffic Safety Administration Vehicle Safety Hotline at 1-888-327-4236 (TTY 1-800-424-9153), or go to www.safercar.gov.', 'ModelYear': '2020', 'Make': 'AUDI', 'Model': 'A4'}, {'Manufacturer': 'Volkswagen Group of America, Inc.', 'NHTSACampaignNumber': '21V874000', 'parkIt': False, 'parkOutSide': False, 'overTheAirUpdate': False, 'ReportReceivedDate': '10/11/2021', 'Component': 'SEATS', 'Summary': 'Volkswagen Group of America, Inc. (Audi) is recalling certain 2017-2020 A4 Allroad, A4 Sedan, 2018-2019 RS5 Coupe, 2019 RS5 Sportback, 2018-2020 A5 Cabriolet, A5 Coupe, A5 Sportback, S4 Sedan, S5 Cabriolet, S5 Coupe, and Audi S5 Sportback vehicles.  The cable connecting the seat heater to the Passenger Occupant Detection System (PODS) may have a contact fault, causing the software to misdiagnose a malfunction and disable the passenger air bag.', 'Consequence': 'A disabled passenger air bag increases the risk of injury in the event of a crash.', 'Remedy': ""Dealers will replace the connecting cable and either the heating mat or entire seat cover, free of charge.  Owner notification letters were mailed January 7, 2022.  Owners may contact Audi customer service at 1-800-253-2834.  Audi's number for this recall is 74E3.  This recall is an expansion of Recall 19V-547 (74D9).  Vehicles previously repaired under 19V-547 will need to return for the new remedy."", 'Notes': 'Owners may also contact the National Highway Traffic Safety Administration Vehicle Safety Hotline at 1-888-327-4236 (TTY 1-800-424-9153), or go to www.nhtsa.gov.', 'ModelYear': '2020', 'Make': 'AUDI', 'Model': 'A4'}]",,,https://api.nhtsa.gov/recalls/recallsByVehicle?make=Audi&model=A4&modelYear=2020,,,2026-04-02 16:24:55.792139,json_api,,unknown,,,2.0,,,,,,,960.0,500.0,131.99,,,,,,,,,,,,,2026
ocr_image,2026-04-02 16:25:05.573,1.0,raw_recalls,Unknown,UNKNOWN,2020.0,,test_scan.png,image_ocr,/Users/elmedin.karisiksystemverification.com/Documents/private/Automotive-Industry-Tracker/data/raw/images/test_scan.png,2026-04-02T16:25:05.570151,pytesseract,,unknown,,unknown,,,2.0,,,,,,,960.0,500.0,131.99,,,,,,,,,,,,,2026
web_scraping,2026-04-02 16:36:09.314,1.0,raw_recalls,Unknown,UNKNOWN,2020.0,,,,local_html/page_1.html,,,2026-04-02 16:36:09.309648,unknown,Audi A4 2020,"Luxury sedan with 2.0L TFSI engine, 190hp. Known for premium interior and advanced driver assistance.","$39,900",/cars/audi-a4-2020,1.0,,,,,,,960.0,500.0,131.99,,,,,,,,,,,,,2026
ocr_scanned_pdf,2026-04-02 16:40:57.304,1.0,raw_recalls,Unknown,UNKNOWN,2020.0,,scanned_report.pdf,scanned_pdf_ocr,/Users/elmedin.karisiksystemverification.com/Documents/private/Automotive-Industry-Tracker/data/raw/scanned/scanned_report.pdf,2026-04-02T16:40:57.302794,pytesseract+pdf2image,,unknown,,unknown,,,2.0,,,,,,,960.0,500.0,131.99,,,,,,,,,,,,,2026
selenium_scraping,2026-04-02 16:45:05.257,1.0,raw_recalls,Unknown,UNKNOWN,2020.0,,,,https://www.wikipedia.org/wiki/Audi,,,2026-04-02 16:45:05.172994,selenium,Audi - Wikipedia,unknown,,,2.0,,,,,,,960.0,500.0,131.99,,,,,,,,,,,,,2026
image_processing,2026-04-10 10:54:53.562,1.0,raw_recalls,Unknown,UNKNOWN,2020.0,,audi_a4.jpg,,vehicle_image,,,,automotive,,unknown,,,2.0,/Users/elmedin.karisiksystemverification.com/Documents/private/Automotive-Industry-Tracker/data/raw/images/audi_a4.jpg,/Users/elmedin.karisiksystemverification.com/Documents/private/Automotive-Industry-Tracker/data/processed/resized/audi_a4_resized.jpg,/Users/elmedin.karisiksystemverification.com/Documents/private/Automotive-Industry-Tracker/data/processed/thumbnails/audi_a4_thumb.jpg,/Users/elmedin.karisiksystemverification.com/Documents/private/Automotive-Industry-Tracker/data/processed/webp/audi_a4.webp,JPEG,RGB,960.0,500.0,157.31,audi_a4.jpg,Unknown,Unknown,Unknown,Unknown,Unknown,Unknown,Unknown,Unknown,No GPS data,2026-04-10T10:54:53.558966,2026-04-10 10:54:53.559017,2026
